id,password,username
1000,p,user0
1001,p,user1
1002,p,user2
1003,p,user3
1004,p,user4
1005,p,user5
1006,p,user6
1007,p,user7
1008,p,user8
1009,p,user9
1010,p,user10
1011,p,user11
1012,p,user12
1013,p,user13
1014,p,user14
1015,p,user15
1016,p,user16
1017,p,user17
1018,p,user18
1019,p,user19
1020,p,user20
1021,p,user21
1022,p,user22
1023,p,user23
1024,p,user24
1025,p,user25
1026,p,user26
1027,p,user27
1028,p,user28
1029,p,user29
1030,p,user30
1031,p,user31
1032,p,user32
1033,p,user33
1034,p,user34
1035,p,user35
1036,p,user36
1037,p,user37
1038,p,user38
1039,p,user39
1040,p,user40
1041,p,user41
1042,p,user42
1043,p,user43
1044,p,user44
1045,p,user45
1046,p,user46
1047,p,user47
1048,p,user48
1049,p,user49
1050,p,user50
1051,p,user51
1052,p,user52
1053,p,user53
1054,p,user54
1055,p,user55
1056,p,user56
1057,p,user57
1058,p,user58
1059,p,user59
1060,p,user60
1061,p,user61
1062,p,user62
1063,p,user63
1064,p,user64
1065,p,user65
1066,p,user66
1067,p,user67
1068,p,user68
1069,p,user69
1070,p,user70
1071,p,user71
1072,p,user72
1073,p,user73
1074,p,user74
1075,p,user75
1076,p,user76
1077,p,user77
1078,p,user78
1079,p,user79
1080,p,user80
1081,p,user81
1082,p,user82
1083,p,user83
1084,p,user84
1085,p,user85
1086,p,user86
1087,p,user87
1088,p,user88
1089,p,user89
1090,p,user90
1091,p,user91
1092,p,user92
1093,p,user93
1094,p,user94
1095,p,user95
1096,p,user96
1097,p,user97
1098,p,user98
1099,p,user99
