id,username,password
5,similarRuffs1,p
6,selfishCockatoo8,p
7,debonairCheetah7,p
8,humorousFerret8,p
9,finickyBoa2,p
10,crushedGatorade2,p
11,hushedDotterel9,p
12,holisticFalcon6,p
13,dopeySnail4,p
14,madCod4,p
15,resolvedCow1,p
16,stressedGatorade3,p
17,decimalAbalone1,p
18,grizzledCurlew9,p
19,dejectedLlama4,p
20,forsakenBasmati3,p
21,holisticEland6,p
22,merePiglet8,p
23,similarBaboon9,p
24,selfishSeahorse6,p
25,puzzledGelding7,p
26,mellowRuffs5,p
27,yearningShads5,p
28,sadMagpie7,p
29,sadCordial2,p
30,somberFerret6,p
31,grizzledPudding1,p
32,mereVenison2,p
33,shamefulPoultry2,p
34,panickyCaviar3,p
35,alertCockatoo7,p
36,exactingTuna2,p
37,similarVenison6,p
38,chicToucan8,p
39,wearyKitten5,p
40,jealousThrush3,p
41,boredCockatoo7,p
42,troubledCardinal1,p
43,cynicalZebra1,p
44,spiritedPear9,p
45,jumpyTortoise7,p
46,chicWhiting4,p
47,goofyMuesli8,p
48,sincerePudding2,p
49,cockyGnu8,p
50,dreadfulTuna1,p
51,lazyLocust5,p
52,betrayedDinosaur5,p
53,thrilledMare6,p
54,shyBoars4,p
55,hushedOryx0,p
56,lyingVenison4,p
57,amusedApricots6,p
58,pleasedPoultry5,p
59,grudgingLocust0,p
60,affectedTeal6,p
61,blissfulQuiche9,p
62,empathicMeerkat8,p
63,curiousPie7,p
64,contentSalami1,p
65,anxiousChowder5,p
66,similarThrushe0,p
67,troubledLard2,p
68,excludedToucan3,p
69,cockyOtter3,p
70,artisticSwift8,p
71,innocentChowder2,p
72,cautiousEagle1,p
73,spiritedLollies6,p
74,ashamedCur1,p
75,troubledShads3,p
76,jumpyTruffle0,p
77,culturedCordial7,p
78,solidToucan8,p
79,worriedQuiche7,p
80,sincereSyrup2,p
81,ferventWildfowl6,p
82,excitedTermite8,p
83,joyfulRuffs2,p
84,somberPiglet9,p
85,finickyStork1,p
86,emptyTeal9,p
87,guiltyMacaw6,p
88,awedOwl8,p
89,trustingSausage5,p
90,unhappyCamel8,p
91,cruelLeopard5,p
92,thriftyBaboon6,p
93,jumpySeagull5,p
94,wakefulPorpoise6,p
95,ashamedIguana2,p
96,solidPlover9,p
97,joyfulPiglet3,p
98,grumpySyrup6,p
99,contentBagels1,p
100,debonairRaisins1,p
101,eagerLard9,p
102,peacefulGranola8,p
103,importedEggs9,p
104,forsakenSheep8,p
